<?xml version="1.0" encoding="UTF-8"?>
<beans xmlns="http://www.springframework.org/schema/beans"
	xmlns:xsi="http://www.w3.org/2001/XMLSchema-instance"
	xmlns:context="http://www.springframework.org/schema/context"
	xmlns:p="http://www.springframework.org/schema/p"
	xmlns:aop="http://www.springframework.org/schema/aop"
	xmlns:tx="http://www.springframework.org/schema/tx"
	xsi:schemaLocation="http://www.springframework.org/schema/beans http://www.springframework.org/schema/beans/spring-beans-4.3.xsd
		http://www.springframework.org/schema/context http://www.springframework.org/schema/context/spring-context-4.3.xsd
		http://www.springframework.org/schema/aop http://www.springframework.org/schema/aop/spring-aop-4.3.xsd
		http://www.springframework.org/schema/tx http://www.springframework.org/schema/tx/spring-tx-4.3.xsd">
	
	<!-- TransactionManager 설정 -->
	<bean id="transactionManager" class="org.springframework.jdbc.datasource.DataSourceTransactionManager">
		<property name="dataSource" ref="dataSource" />
	</bean>
	
	<!-- Transaction Advice 설정 -->
	<tx:advice id="txAdvice" transaction-manager="transactionManager">
		<tx:attributes>
			<tx:method name="get*" read-only="true"/>
			
			<!--No existing transaction found for transaction marked with propagation 'mandatory'-->
<!-- 			<tx:method name="deleteUser" propagation="NOT_SUPPORTED"/> -->
<!-- 			<tx:method name="delete" propagation="MANDATORY"/> -->
			
			<!-- 예외=Existing transaction found for transaction marked with propagation 'never' -->
			<tx:method name="updateUser" propagation="NOT_SUPPORTED"/>
			<tx:method name="update" propagation="REQUIRED" />
<!-- 			<tx:method name="update" propagation="MANDATORY" /> -->
		</tx:attributes>
	</tx:advice>
	<!-- Transaction AOP 설정 -->
	<aop:config>
		<aop:pointcut expression="execution(public * myspring.user..*(..))" id="txPointCut"/>
		<aop:advisor advice-ref="txAdvice" pointcut-ref="txPointCut"/>
	</aop:config>
	
	<!-- @Aspect 어노테이션에 대한 설정 -->
	<aop:aspectj-autoproxy />
		
	<!-- AOP 설정 -->
	<bean id="traceAdvice" class="myspring.aop.xml.PerformanceTraceAdvice" />
	<aop:config>
		<aop:aspect ref="traceAdvice">
			<aop:around method="trace" 
				pointcut="execution(public * myspring..*(..))"/>
		</aop:aspect>
	</aop:config>
	
	
	<!-- MapperScannerConfigurer 설정 -->
	<bean class="org.mybatis.spring.mapper.MapperScannerConfigurer">
		<property name="basePackage" value="myspring.user.dao.mapper"/>
		<property name="annotationClass" value="myspring.user.dao.mapper.MyMapper" /> 
	</bean>

	<!-- Mapper 설정 -->
<!-- 	<bean id="userMapper" class="org.mybatis.spring.mapper.MapperFactoryBean"> -->
<!-- 		<property name="mapperInterface" value="myspring.user.dao.mapper.UserMapper" /> -->
<!-- 		<property name="sqlSessionTemplate" ref="sqlSession" /> -->
<!-- 	</bean> -->
	
	<!-- Component Scan 설정 -->
	<context:component-scan base-package="myspring">
		<context:exclude-filter type="regex" expression="myspring\.di\.annot\..*"/>
		<context:exclude-filter type="annotation" expression="org.springframework.stereotype.Controller"/>
	</context:component-scan>
	
	<!-- MyBatis 설정 -->
	<bean id="sqlSession" class="org.mybatis.spring.SqlSessionTemplate" >
		<constructor-arg ref="sqlSessionFactory" />
	</bean>
	
	<bean id="sqlSessionFactory" 
		class="org.mybatis.spring.SqlSessionFactoryBean">
		<property name="dataSource" ref="dataSource" />
		<property name="configLocation" value="classpath:config/SqlMapConfig.xml" />
		<property name="mapperLocations">
			<list>
				<value>classpath:config/UserMapper.xml</value>
				<value>classpath:config/StudentMapper.xml</value>
			</list>
		</property>
	</bean>
	
	
	<!-- DataSource 설정 -->
	<bean id="dataSource" class="org.apache.commons.dbcp2.BasicDataSource"
		p:driverClassName="${db.driverClass}"
		p:url="${db.url}"
		p:username="${db.username}"
		p:password="${db.password}"
	 />

	<bean id="sPrinter" 
		class="myspring.di.xml.StringPrinter" />
	<bean id="cPrinter" 
		class="myspring.di.xml.ConsolePrinter" />
	<bean id="hello" class="myspring.di.xml.Hello" 
		scope="singleton">
		<property name="name" value="${myname}" />
		<property name="printer" ref="sPrinter" />
	</bean>
	
	<!-- properties file 정보 설정 -->
	<context:property-placeholder 
		location="classpath:config/values.properties"/>
</beans>
